pathway_id,pathway_name,entrez_id
hsa04370,VEGF signaling pathway,10000
hsa04370,VEGF signaling pathway,100137049
hsa04370,VEGF signaling pathway,110117499
hsa04370,VEGF signaling pathway,123745
hsa04370,VEGF signaling pathway,1432
hsa04370,VEGF signaling pathway,207
hsa04370,VEGF signaling pathway,208
hsa04370,VEGF signaling pathway,255189
hsa04370,VEGF signaling pathway,25759
hsa04370,VEGF signaling pathway,283748
hsa04370,VEGF signaling pathway,3265
hsa04370,VEGF signaling pathway,3315
hsa04370,VEGF signaling pathway,3791
hsa04370,VEGF signaling pathway,3845
hsa04370,VEGF signaling pathway,4773
hsa04370,VEGF signaling pathway,4846
hsa04370,VEGF signaling pathway,4893
hsa04370,VEGF signaling pathway,5290
hsa04370,VEGF signaling pathway,5291
hsa04370,VEGF signaling pathway,5293
hsa04370,VEGF signaling pathway,5295
hsa04370,VEGF signaling pathway,5296
hsa04370,VEGF signaling pathway,5321
hsa04370,VEGF signaling pathway,5335
hsa04370,VEGF signaling pathway,5336
hsa04370,VEGF signaling pathway,5530
hsa04370,VEGF signaling pathway,5532
hsa04370,VEGF signaling pathway,5533
hsa04370,VEGF signaling pathway,5534
hsa04370,VEGF signaling pathway,5535
hsa04370,VEGF signaling pathway,5578
hsa04370,VEGF signaling pathway,5579
hsa04370,VEGF signaling pathway,5582
hsa04370,VEGF signaling pathway,5594
hsa04370,VEGF signaling pathway,5595
hsa04370,VEGF signaling pathway,5600
hsa04370,VEGF signaling pathway,5603
hsa04370,VEGF signaling pathway,5604
hsa04370,VEGF signaling pathway,5605
hsa04370,VEGF signaling pathway,56848
hsa04370,VEGF signaling pathway,572
hsa04370,VEGF signaling pathway,5743
hsa04370,VEGF signaling pathway,5747
hsa04370,VEGF signaling pathway,5829
hsa04370,VEGF signaling pathway,5879
hsa04370,VEGF signaling pathway,5880
hsa04370,VEGF signaling pathway,5881
hsa04370,VEGF signaling pathway,5894
hsa04370,VEGF signaling pathway,6300
hsa04370,VEGF signaling pathway,6714
hsa04370,VEGF signaling pathway,7422
hsa04370,VEGF signaling pathway,7867
hsa04370,VEGF signaling pathway,842
hsa04370,VEGF signaling pathway,8503
hsa04370,VEGF signaling pathway,8605
hsa04370,VEGF signaling pathway,8681
hsa04370,VEGF signaling pathway,8877
hsa04370,VEGF signaling pathway,9047
hsa04370,VEGF signaling pathway,9261
hsa04370,VEGF signaling pathway,998
hsa04151,PI3K-Akt signaling pathway,10000
hsa04151,PI3K-Akt signaling pathway,10018
hsa04151,PI3K-Akt signaling pathway,100533105
hsa04151,PI3K-Akt signaling pathway,10110
hsa04151,PI3K-Akt signaling pathway,10161
hsa04151,PI3K-Akt signaling pathway,1017
hsa04151,PI3K-Akt signaling pathway,1019
hsa04151,PI3K-Akt signaling pathway,1021
hsa04151,PI3K-Akt signaling pathway,1026
hsa04151,PI3K-Akt signaling pathway,1027
hsa04151,PI3K-Akt signaling pathway,102723407
hsa04151,PI3K-Akt signaling pathway,10319
hsa04151,PI3K-Akt signaling pathway,10488
hsa04151,PI3K-Akt signaling pathway,10681
hsa04151,PI3K-Akt signaling pathway,10971
hsa04151,PI3K-Akt signaling pathway,1101
hsa04151,PI3K-Akt signaling pathway,110117499
hsa04151,PI3K-Akt signaling pathway,11140
hsa04151,PI3K-Akt signaling pathway,1128
hsa04151,PI3K-Akt signaling pathway,1129
hsa04151,PI3K-Akt signaling pathway,1147
hsa04151,PI3K-Akt signaling pathway,117145
hsa04151,PI3K-Akt signaling pathway,118788
hsa04151,PI3K-Akt signaling pathway,125467750
hsa04151,PI3K-Akt signaling pathway,1277
hsa04151,PI3K-Akt signaling pathway,1278
hsa04151,PI3K-Akt signaling pathway,1280
hsa04151,PI3K-Akt signaling pathway,1282
hsa04151,PI3K-Akt signaling pathway,1284
hsa04151,PI3K-Akt signaling pathway,1285
hsa04151,PI3K-Akt signaling pathway,1286
hsa04151,PI3K-Akt signaling pathway,1287
hsa04151,PI3K-Akt signaling pathway,1288
hsa04151,PI3K-Akt signaling pathway,1291
hsa04151,PI3K-Akt signaling pathway,1292
hsa04151,PI3K-Akt signaling pathway,1293
hsa04151,PI3K-Akt signaling pathway,1297
hsa04151,PI3K-Akt signaling pathway,1298
hsa04151,PI3K-Akt signaling pathway,1299
hsa04151,PI3K-Akt signaling pathway,1311
hsa04151,PI3K-Akt signaling pathway,131873
hsa04151,PI3K-Akt signaling pathway,1385
hsa04151,PI3K-Akt signaling pathway,1386
hsa04151,PI3K-Akt signaling pathway,1388
hsa04151,PI3K-Akt signaling pathway,1435
hsa04151,PI3K-Akt signaling pathway,1436
hsa04151,PI3K-Akt signaling pathway,1440
hsa04151,PI3K-Akt signaling pathway,1441
hsa04151,PI3K-Akt signaling pathway,1442
hsa04151,PI3K-Akt signaling pathway,1443
hsa04151,PI3K-Akt signaling pathway,1444
hsa04151,PI3K-Akt signaling pathway,146850
hsa04151,PI3K-Akt signaling pathway,148327
hsa04151,PI3K-Akt signaling pathway,1902
hsa04151,PI3K-Akt signaling pathway,1942
hsa04151,PI3K-Akt signaling pathway,1943
hsa04151,PI3K-Akt signaling pathway,1944
hsa04151,PI3K-Akt signaling pathway,1945
hsa04151,PI3K-Akt signaling pathway,1946
hsa04151,PI3K-Akt signaling pathway,1950
hsa04151,PI3K-Akt signaling pathway,1956
hsa04151,PI3K-Akt signaling pathway,1969
hsa04151,PI3K-Akt signaling pathway,1975
hsa04151,PI3K-Akt signaling pathway,1977
hsa04151,PI3K-Akt signaling pathway,1978
hsa04151,PI3K-Akt signaling pathway,200186
hsa04151,PI3K-Akt signaling pathway,2056
hsa04151,PI3K-Akt signaling pathway,2057
hsa04151,PI3K-Akt signaling pathway,2064
hsa04151,PI3K-Akt signaling pathway,2065
hsa04151,PI3K-Akt signaling pathway,2066
hsa04151,PI3K-Akt signaling pathway,2069
hsa04151,PI3K-Akt signaling pathway,207
hsa04151,PI3K-Akt signaling pathway,208
hsa04151,PI3K-Akt signaling pathway,2149
hsa04151,PI3K-Akt signaling pathway,2246
hsa04151,PI3K-Akt signaling pathway,2247
hsa04151,PI3K-Akt signaling pathway,2248
hsa04151,PI3K-Akt signaling pathway,2249
hsa04151,PI3K-Akt signaling pathway,2250
hsa04151,PI3K-Akt signaling pathway,2251
hsa04151,PI3K-Akt signaling pathway,2252
hsa04151,PI3K-Akt signaling pathway,2253
hsa04151,PI3K-Akt signaling pathway,2254
hsa04151,PI3K-Akt signaling pathway,2255
hsa04151,PI3K-Akt signaling pathway,2260
hsa04151,PI3K-Akt signaling pathway,2261
hsa04151,PI3K-Akt signaling pathway,2263
hsa04151,PI3K-Akt signaling pathway,2264
hsa04151,PI3K-Akt signaling pathway,2277
hsa04151,PI3K-Akt signaling pathway,22798
hsa04151,PI3K-Akt signaling pathway,22801
hsa04151,PI3K-Akt signaling pathway,23035
hsa04151,PI3K-Akt signaling pathway,2309
hsa04151,PI3K-Akt signaling pathway,2321
hsa04151,PI3K-Akt signaling pathway,2322
hsa04151,PI3K-Akt signaling pathway,2323
hsa04151,PI3K-Akt signaling pathway,23239
hsa04151,PI3K-Akt signaling pathway,2324
hsa04151,PI3K-Akt signaling pathway,2335
hsa04151,PI3K-Akt signaling pathway,23533
hsa04151,PI3K-Akt signaling pathway,23566
hsa04151,PI3K-Akt signaling pathway,23678
hsa04151,PI3K-Akt signaling pathway,2475
hsa04151,PI3K-Akt signaling pathway,253314
hsa04151,PI3K-Akt signaling pathway,2538
hsa04151,PI3K-Akt signaling pathway,256076
hsa04151,PI3K-Akt signaling pathway,26281
hsa04151,PI3K-Akt signaling pathway,26291
hsa04151,PI3K-Akt signaling pathway,2668
hsa04151,PI3K-Akt signaling pathway,2688
hsa04151,PI3K-Akt signaling pathway,2689
hsa04151,PI3K-Akt signaling pathway,2690
hsa04151,PI3K-Akt signaling pathway,27006
hsa04151,PI3K-Akt signaling pathway,2782
hsa04151,PI3K-Akt signaling pathway,2783
hsa04151,PI3K-Akt signaling pathway,2784
hsa04151,PI3K-Akt signaling pathway,2785
hsa04151,PI3K-Akt signaling pathway,2786
hsa04151,PI3K-Akt signaling pathway,2787
hsa04151,PI3K-Akt signaling pathway,2788
hsa04151,PI3K-Akt signaling pathway,2790
hsa04151,PI3K-Akt signaling pathway,2791
hsa04151,PI3K-Akt signaling pathway,2792
hsa04151,PI3K-Akt signaling pathway,2793
hsa04151,PI3K-Akt signaling pathway,28227
hsa04151,PI3K-Akt signaling pathway,284
hsa04151,PI3K-Akt signaling pathway,284217
hsa04151,PI3K-Akt signaling pathway,2846
hsa04151,PI3K-Akt signaling pathway,285
hsa04151,PI3K-Akt signaling pathway,2885
hsa04151,PI3K-Akt signaling pathway,2932
hsa04151,PI3K-Akt signaling pathway,29941
hsa04151,PI3K-Akt signaling pathway,2997
hsa04151,PI3K-Akt signaling pathway,2998
hsa04151,PI3K-Akt signaling pathway,3082
hsa04151,PI3K-Akt signaling pathway,3164
hsa04151,PI3K-Akt signaling pathway,3265
hsa04151,PI3K-Akt signaling pathway,3320
hsa04151,PI3K-Akt signaling pathway,3326
hsa04151,PI3K-Akt signaling pathway,3371
hsa04151,PI3K-Akt signaling pathway,3381
hsa04151,PI3K-Akt signaling pathway,3439
hsa04151,PI3K-Akt signaling pathway,3440
hsa04151,PI3K-Akt signaling pathway,3441
hsa04151,PI3K-Akt signaling pathway,3442
hsa04151,PI3K-Akt signaling pathway,3443
hsa04151,PI3K-Akt signaling pathway,3444
hsa04151,PI3K-Akt signaling pathway,3445
hsa04151,PI3K-Akt signaling pathway,3446
hsa04151,PI3K-Akt signaling pathway,3447
hsa04151,PI3K-Akt signaling pathway,3448
hsa04151,PI3K-Akt signaling pathway,3449
hsa04151,PI3K-Akt signaling pathway,3451
hsa04151,PI3K-Akt signaling pathway,3452
hsa04151,PI3K-Akt signaling pathway,3454
hsa04151,PI3K-Akt signaling pathway,3455
hsa04151,PI3K-Akt signaling pathway,3456
hsa04151,PI3K-Akt signaling pathway,3479
hsa04151,PI3K-Akt signaling pathway,3480
hsa04151,PI3K-Akt signaling pathway,3481
hsa04151,PI3K-Akt signaling pathway,3551
hsa04151,PI3K-Akt signaling pathway,3558
hsa04151,PI3K-Akt signaling pathway,3559
hsa04151,PI3K-Akt signaling pathway,356
hsa04151,PI3K-Akt signaling pathway,3560
hsa04151,PI3K-Akt signaling pathway,3561
hsa04151,PI3K-Akt signaling pathway,3562
hsa04151,PI3K-Akt signaling pathway,3563
hsa04151,PI3K-Akt signaling pathway,3565
hsa04151,PI3K-Akt signaling pathway,3566
hsa04151,PI3K-Akt signaling pathway,3569
hsa04151,PI3K-Akt signaling pathway,3570
hsa04151,PI3K-Akt signaling pathway,3574
hsa04151,PI3K-Akt signaling pathway,3575
hsa04151,PI3K-Akt signaling pathway,3630
hsa04151,PI3K-Akt signaling pathway,3643
hsa04151,PI3K-Akt signaling pathway,3655
hsa04151,PI3K-Akt signaling pathway,3667
hsa04151,PI3K-Akt signaling pathway,3672
hsa04151,PI3K-Akt signaling pathway,3673
hsa04151,PI3K-Akt signaling pathway,3674
hsa04151,PI3K-Akt signaling pathway,3675
hsa04151,PI3K-Akt signaling pathway,3676
hsa04151,PI3K-Akt signaling pathway,3678
hsa04151,PI3K-Akt signaling pathway,3679
hsa04151,PI3K-Akt signaling pathway,3680
hsa04151,PI3K-Akt signaling pathway,3685
hsa04151,PI3K-Akt signaling pathway,3688
hsa04151,PI3K-Akt signaling pathway,3690
hsa04151,PI3K-Akt signaling pathway,3691
hsa04151,PI3K-Akt signaling pathway,3693
hsa04151,PI3K-Akt signaling pathway,3694
hsa04151,PI3K-Akt signaling pathway,3695
hsa04151,PI3K-Akt signaling pathway,3696
hsa04151,PI3K-Akt signaling pathway,3716
hsa04151,PI3K-Akt signaling pathway,3717
hsa04151,PI3K-Akt signaling pathway,3718
hsa04151,PI3K-Akt signaling pathway,374
hsa04151,PI3K-Akt signaling pathway,3791
hsa04151,PI3K-Akt signaling pathway,3815
hsa04151,PI3K-Akt signaling pathway,3845
hsa04151,PI3K-Akt signaling pathway,3908
hsa04151,PI3K-Akt signaling pathway,3909
hsa04151,PI3K-Akt signaling pathway,3910
hsa04151,PI3K-Akt signaling pathway,3911
hsa04151,PI3K-Akt signaling pathway,3912
hsa04151,PI3K-Akt signaling pathway,3913
hsa04151,PI3K-Akt signaling pathway,3914
hsa04151,PI3K-Akt signaling pathway,3915
hsa04151,PI3K-Akt signaling pathway,3918
hsa04151,PI3K-Akt signaling pathway,4170
hsa04151,PI3K-Akt signaling pathway,4193
hsa04151,PI3K-Akt signaling pathway,4233
hsa04151,PI3K-Akt signaling pathway,4254
hsa04151,PI3K-Akt signaling pathway,4515
hsa04151,PI3K-Akt signaling pathway,4602
hsa04151,PI3K-Akt signaling pathway,4609
hsa04151,PI3K-Akt signaling pathway,468
hsa04151,PI3K-Akt signaling pathway,4790
hsa04151,PI3K-Akt signaling pathway,4803
hsa04151,PI3K-Akt signaling pathway,4804
hsa04151,PI3K-Akt signaling pathway,4846
hsa04151,PI3K-Akt signaling pathway,4893
hsa04151,PI3K-Akt signaling pathway,4902
hsa04151,PI3K-Akt signaling pathway,4908
hsa04151,PI3K-Akt signaling pathway,4909
hsa04151,PI3K-Akt signaling pathway,4914
hsa04151,PI3K-Akt signaling pathway,4915
hsa04151,PI3K-Akt signaling pathway,5008
hsa04151,PI3K-Akt signaling pathway,5105
hsa04151,PI3K-Akt signaling pathway,5106
hsa04151,PI3K-Akt signaling pathway,51378
hsa04151,PI3K-Akt signaling pathway,5154
hsa04151,PI3K-Akt signaling pathway,5155
hsa04151,PI3K-Akt signaling pathway,5156
hsa04151,PI3K-Akt signaling pathway,5159
hsa04151,PI3K-Akt signaling pathway,5170
hsa04151,PI3K-Akt signaling pathway,51764
hsa04151,PI3K-Akt signaling pathway,5228
hsa04151,PI3K-Akt signaling pathway,5290
hsa04151,PI3K-Akt signaling pathway,5291
hsa04151,PI3K-Akt signaling pathway,5293
hsa04151,PI3K-Akt signaling pathway,5294
hsa04151,PI3K-Akt signaling pathway,5295
hsa04151,PI3K-Akt signaling pathway,5296
hsa04151,PI3K-Akt signaling pathway,54331
hsa04151,PI3K-Akt signaling pathway,54541
hsa04151,PI3K-Akt signaling pathway,55012
hsa04151,PI3K-Akt signaling pathway,5515
hsa04151,PI3K-Akt signaling pathway,5516
hsa04151,PI3K-Akt signaling pathway,5518
hsa04151,PI3K-Akt signaling pathway,5519
hsa04151,PI3K-Akt signaling pathway,5520
hsa04151,PI3K-Akt signaling pathway,5521
hsa04151,PI3K-Akt signaling pathway,5522
hsa04151,PI3K-Akt signaling pathway,5523
hsa04151,PI3K-Akt signaling pathway,5525
hsa04151,PI3K-Akt signaling pathway,5526
hsa04151,PI3K-Akt signaling pathway,5527
hsa04151,PI3K-Akt signaling pathway,5528
hsa04151,PI3K-Akt signaling pathway,5529
hsa04151,PI3K-Akt signaling pathway,5562
hsa04151,PI3K-Akt signaling pathway,5563
hsa04151,PI3K-Akt signaling pathway,5578
hsa04151,PI3K-Akt signaling pathway,55844
hsa04151,PI3K-Akt signaling pathway,5585
hsa04151,PI3K-Akt signaling pathway,5586
hsa04151,PI3K-Akt signaling pathway,5594
hsa04151,PI3K-Akt signaling pathway,5595
hsa04151,PI3K-Akt signaling pathway,55970
hsa04151,PI3K-Akt signaling pathway,56034
hsa04151,PI3K-Akt signaling pathway,5604
hsa04151,PI3K-Akt signaling pathway,5605
hsa04151,PI3K-Akt signaling pathway,5617
hsa04151,PI3K-Akt signaling pathway,5618
hsa04151,PI3K-Akt signaling pathway,5623
hsa04151,PI3K-Akt signaling pathway,5649
hsa04151,PI3K-Akt signaling pathway,57121
hsa04151,PI3K-Akt signaling pathway,572
hsa04151,PI3K-Akt signaling pathway,5728
hsa04151,PI3K-Akt signaling pathway,5747
hsa04151,PI3K-Akt signaling pathway,57521
hsa04151,PI3K-Akt signaling pathway,57818
hsa04151,PI3K-Akt signaling pathway,5879
hsa04151,PI3K-Akt signaling pathway,5894
hsa04151,PI3K-Akt signaling pathway,5934
hsa04151,PI3K-Akt signaling pathway,59345
hsa04151,PI3K-Akt signaling pathway,595
hsa04151,PI3K-Akt signaling pathway,596
hsa04151,PI3K-Akt signaling pathway,5970
hsa04151,PI3K-Akt signaling pathway,5979
hsa04151,PI3K-Akt signaling pathway,598
hsa04151,PI3K-Akt signaling pathway,6009
hsa04151,PI3K-Akt signaling pathway,6194
hsa04151,PI3K-Akt signaling pathway,6198
hsa04151,PI3K-Akt signaling pathway,6199
hsa04151,PI3K-Akt signaling pathway,6256
hsa04151,PI3K-Akt signaling pathway,627
hsa04151,PI3K-Akt signaling pathway,63923
hsa04151,PI3K-Akt signaling pathway,64223
hsa04151,PI3K-Akt signaling pathway,6446
hsa04151,PI3K-Akt signaling pathway,64764
hsa04151,PI3K-Akt signaling pathway,6654
hsa04151,PI3K-Akt signaling pathway,6655
hsa04151,PI3K-Akt signaling pathway,6696
hsa04151,PI3K-Akt signaling pathway,672
hsa04151,PI3K-Akt signaling pathway,6794
hsa04151,PI3K-Akt signaling pathway,6850
hsa04151,PI3K-Akt signaling pathway,7010
hsa04151,PI3K-Akt signaling pathway,7039
hsa04151,PI3K-Akt signaling pathway,7057
hsa04151,PI3K-Akt signaling pathway,7058
hsa04151,PI3K-Akt signaling pathway,7059
hsa04151,PI3K-Akt signaling pathway,7060
hsa04151,PI3K-Akt signaling pathway,7097
hsa04151,PI3K-Akt signaling pathway,7099
hsa04151,PI3K-Akt signaling pathway,7143
hsa04151,PI3K-Akt signaling pathway,7148
hsa04151,PI3K-Akt signaling pathway,7157
hsa04151,PI3K-Akt signaling pathway,7184
hsa04151,PI3K-Akt signaling pathway,7248
hsa04151,PI3K-Akt signaling pathway,7249
hsa04151,PI3K-Akt signaling pathway,7422
hsa04151,PI3K-Akt signaling pathway,7423
hsa04151,PI3K-Akt signaling pathway,7424
hsa04151,PI3K-Akt signaling pathway,7448
hsa04151,PI3K-Akt signaling pathway,7450
hsa04151,PI3K-Akt signaling pathway,7529
hsa04151,PI3K-Akt signaling pathway,7531
hsa04151,PI3K-Akt signaling pathway,7532
hsa04151,PI3K-Akt signaling pathway,7533
hsa04151,PI3K-Akt signaling pathway,7534
hsa04151,PI3K-Akt signaling pathway,80310
hsa04151,PI3K-Akt signaling pathway,8074
hsa04151,PI3K-Akt signaling pathway,8115
hsa04151,PI3K-Akt signaling pathway,842
hsa04151,PI3K-Akt signaling pathway,84699
hsa04151,PI3K-Akt signaling pathway,8503
hsa04151,PI3K-Akt signaling pathway,8515
hsa04151,PI3K-Akt signaling pathway,8516
hsa04151,PI3K-Akt signaling pathway,8517
hsa04151,PI3K-Akt signaling pathway,8817
hsa04151,PI3K-Akt signaling pathway,8822
hsa04151,PI3K-Akt signaling pathway,8823
hsa04151,PI3K-Akt signaling pathway,894
hsa04151,PI3K-Akt signaling pathway,896
hsa04151,PI3K-Akt signaling pathway,898
hsa04151,PI3K-Akt signaling pathway,9048
hsa04151,PI3K-Akt signaling pathway,90993
hsa04151,PI3K-Akt signaling pathway,9134
hsa04151,PI3K-Akt signaling pathway,9170
hsa04151,PI3K-Akt signaling pathway,9180
hsa04151,PI3K-Akt signaling pathway,9223
hsa04151,PI3K-Akt signaling pathway,92579
hsa04151,PI3K-Akt signaling pathway,930
hsa04151,PI3K-Akt signaling pathway,94235
hsa04151,PI3K-Akt signaling pathway,9470
hsa04151,PI3K-Akt signaling pathway,9586
hsa04151,PI3K-Akt signaling pathway,9623
hsa04151,PI3K-Akt signaling pathway,9863
hsa04151,PI3K-Akt signaling pathway,9965
hsa04210,Apoptosis,10000
hsa04210,Apoptosis,10018
hsa04210,Apoptosis,10038
hsa04210,Apoptosis,10039
hsa04210,Apoptosis,100506742
hsa04210,Apoptosis,10376
hsa04210,Apoptosis,1075
hsa04210,Apoptosis,10912
hsa04210,Apoptosis,110117499
hsa04210,Apoptosis,112714
hsa04210,Apoptosis,113457
hsa04210,Apoptosis,1147
hsa04210,Apoptosis,142
hsa04210,Apoptosis,143
hsa04210,Apoptosis,1439
hsa04210,Apoptosis,1508
hsa04210,Apoptosis,1509
hsa04210,Apoptosis,1512
hsa04210,Apoptosis,1513
hsa04210,Apoptosis,1514
hsa04210,Apoptosis,1515
hsa04210,Apoptosis,1519
hsa04210,Apoptosis,1520
hsa04210,Apoptosis,1521
hsa04210,Apoptosis,1522
hsa04210,Apoptosis,153090
hsa04210,Apoptosis,1616
hsa04210,Apoptosis,1647
hsa04210,Apoptosis,1649
hsa04210,Apoptosis,1676
hsa04210,Apoptosis,1677
hsa04210,Apoptosis,1965
hsa04210,Apoptosis,2021
hsa04210,Apoptosis,207
hsa04210,Apoptosis,208
hsa04210,Apoptosis,2081
hsa04210,Apoptosis,2353
hsa04210,Apoptosis,27113
hsa04210,Apoptosis,27429
hsa04210,Apoptosis,3002
hsa04210,Apoptosis,317
hsa04210,Apoptosis,3265
hsa04210,Apoptosis,329
hsa04210,Apoptosis,330
hsa04210,Apoptosis,331
hsa04210,Apoptosis,332
hsa04210,Apoptosis,355
hsa04210,Apoptosis,3551
hsa04210,Apoptosis,356
hsa04210,Apoptosis,3562
hsa04210,Apoptosis,3563
hsa04210,Apoptosis,3708
hsa04210,Apoptosis,3709
hsa04210,Apoptosis,3710
hsa04210,Apoptosis,3725
hsa04210,Apoptosis,3845
hsa04210,Apoptosis,4000
hsa04210,Apoptosis,4001
hsa04210,Apoptosis,4170
hsa04210,Apoptosis,4217
hsa04210,Apoptosis,4616
hsa04210,Apoptosis,468
hsa04210,Apoptosis,472
hsa04210,Apoptosis,4790
hsa04210,Apoptosis,4792
hsa04210,Apoptosis,4803
hsa04210,Apoptosis,4893
hsa04210,Apoptosis,4914
hsa04210,Apoptosis,5170
hsa04210,Apoptosis,51807
hsa04210,Apoptosis,5290
hsa04210,Apoptosis,5291
hsa04210,Apoptosis,5293
hsa04210,Apoptosis,5295
hsa04210,Apoptosis,5296
hsa04210,Apoptosis,5366
hsa04210,Apoptosis,5414
hsa04210,Apoptosis,54205
hsa04210,Apoptosis,55367
hsa04210,Apoptosis,5551
hsa04210,Apoptosis,5594
hsa04210,Apoptosis,5595
hsa04210,Apoptosis,5599
hsa04210,Apoptosis,5601
hsa04210,Apoptosis,5602
hsa04210,Apoptosis,5604
hsa04210,Apoptosis,5605
hsa04210,Apoptosis,56616
hsa04210,Apoptosis,572
hsa04210,Apoptosis,578
hsa04210,Apoptosis,5783
hsa04210,Apoptosis,581
hsa04210,Apoptosis,5894
hsa04210,Apoptosis,596
hsa04210,Apoptosis,597
hsa04210,Apoptosis,5970
hsa04210,Apoptosis,598
hsa04210,Apoptosis,60
hsa04210,Apoptosis,637
hsa04210,Apoptosis,63970
hsa04210,Apoptosis,6709
hsa04210,Apoptosis,71
hsa04210,Apoptosis,7124
hsa04210,Apoptosis,7132
hsa04210,Apoptosis,7157
hsa04210,Apoptosis,7185
hsa04210,Apoptosis,7186
hsa04210,Apoptosis,7277
hsa04210,Apoptosis,7278
hsa04210,Apoptosis,7846
hsa04210,Apoptosis,79861
hsa04210,Apoptosis,823
hsa04210,Apoptosis,824
hsa04210,Apoptosis,835
hsa04210,Apoptosis,836
hsa04210,Apoptosis,839
hsa04210,Apoptosis,840
hsa04210,Apoptosis,841
hsa04210,Apoptosis,842
hsa04210,Apoptosis,843
hsa04210,Apoptosis,84790
hsa04210,Apoptosis,84823
hsa04210,Apoptosis,8503
hsa04210,Apoptosis,8517
hsa04210,Apoptosis,8717
hsa04210,Apoptosis,8722
hsa04210,Apoptosis,8737
hsa04210,Apoptosis,8739
hsa04210,Apoptosis,8743
hsa04210,Apoptosis,8772
hsa04210,Apoptosis,8795
hsa04210,Apoptosis,8797
hsa04210,Apoptosis,8837
hsa04210,Apoptosis,8996
hsa04210,Apoptosis,9020
hsa04210,Apoptosis,9131
hsa04210,Apoptosis,9451
hsa04064,NF-kappa B signaling pathway,102723407
hsa04064,NF-kappa B signaling pathway,10454
hsa04064,NF-kappa B signaling pathway,10673
hsa04064,NF-kappa B signaling pathway,10848
hsa04064,NF-kappa B signaling pathway,10892
hsa04064,NF-kappa B signaling pathway,10912
hsa04064,NF-kappa B signaling pathway,10913
hsa04064,NF-kappa B signaling pathway,114609
hsa04064,NF-kappa B signaling pathway,1147
hsa04064,NF-kappa B signaling pathway,115650
hsa04064,NF-kappa B signaling pathway,128178
hsa04064,NF-kappa B signaling pathway,142
hsa04064,NF-kappa B signaling pathway,1457
hsa04064,NF-kappa B signaling pathway,1459
hsa04064,NF-kappa B signaling pathway,1460
hsa04064,NF-kappa B signaling pathway,148022
hsa04064,NF-kappa B signaling pathway,1540
hsa04064,NF-kappa B signaling pathway,1647
hsa04064,NF-kappa B signaling pathway,1896
hsa04064,NF-kappa B signaling pathway,23085
hsa04064,NF-kappa B signaling pathway,23118
hsa04064,NF-kappa B signaling pathway,23586
hsa04064,NF-kappa B signaling pathway,23643
hsa04064,NF-kappa B signaling pathway,257397
hsa04064,NF-kappa B signaling pathway,27040
hsa04064,NF-kappa B signaling pathway,283106
hsa04064,NF-kappa B signaling pathway,2919
hsa04064,NF-kappa B signaling pathway,2920
hsa04064,NF-kappa B signaling pathway,2921
hsa04064,NF-kappa B signaling pathway,29760
hsa04064,NF-kappa B signaling pathway,29775
hsa04064,NF-kappa B signaling pathway,329
hsa04064,NF-kappa B signaling pathway,330
hsa04064,NF-kappa B signaling pathway,331
hsa04064,NF-kappa B signaling pathway,3383
hsa04064,NF-kappa B signaling pathway,353376
hsa04064,NF-kappa B signaling pathway,3551
hsa04064,NF-kappa B signaling pathway,3553
hsa04064,NF-kappa B signaling pathway,3554
hsa04064,NF-kappa B signaling pathway,3576
hsa04064,NF-kappa B signaling pathway,3654
hsa04064,NF-kappa B signaling pathway,388372
hsa04064,NF-kappa B signaling pathway,3929
hsa04064,NF-kappa B signaling pathway,3932
hsa04064,NF-kappa B signaling pathway,4049
hsa04064,NF-kappa B signaling pathway,4050
hsa04064,NF-kappa B signaling pathway,4055
hsa04064,NF-kappa B signaling pathway,4067
hsa04064,NF-kappa B signaling pathway,4615
hsa04064,NF-kappa B signaling pathway,4616
hsa04064,NF-kappa B signaling pathway,472
hsa04064,NF-kappa B signaling pathway,4790
hsa04064,NF-kappa B signaling pathway,4791
hsa04064,NF-kappa B signaling pathway,4792
hsa04064,NF-kappa B signaling pathway,51135
hsa04064,NF-kappa B signaling pathway,51588
hsa04064,NF-kappa B signaling pathway,5328
hsa04064,NF-kappa B signaling pathway,5335
hsa04064,NF-kappa B signaling pathway,5336
hsa04064,NF-kappa B signaling pathway,55367
hsa04064,NF-kappa B signaling pathway,5579
hsa04064,NF-kappa B signaling pathway,5588
hsa04064,NF-kappa B signaling pathway,5743
hsa04064,NF-kappa B signaling pathway,596
hsa04064,NF-kappa B signaling pathway,597
hsa04064,NF-kappa B signaling pathway,5970
hsa04064,NF-kappa B signaling pathway,5971
hsa04064,NF-kappa B signaling pathway,598
hsa04064,NF-kappa B signaling pathway,60401
hsa04064,NF-kappa B signaling pathway,6351
hsa04064,NF-kappa B signaling pathway,6357
hsa04064,NF-kappa B signaling pathway,6363
hsa04064,NF-kappa B signaling pathway,6366
hsa04064,NF-kappa B signaling pathway,6387
hsa04064,NF-kappa B signaling pathway,6850
hsa04064,NF-kappa B signaling pathway,6885
hsa04064,NF-kappa B signaling pathway,695
hsa04064,NF-kappa B signaling pathway,7099
hsa04064,NF-kappa B signaling pathway,7124
hsa04064,NF-kappa B signaling pathway,7128
hsa04064,NF-kappa B signaling pathway,7132
hsa04064,NF-kappa B signaling pathway,7185
hsa04064,NF-kappa B signaling pathway,7186
hsa04064,NF-kappa B signaling pathway,7187
hsa04064,NF-kappa B signaling pathway,7188
hsa04064,NF-kappa B signaling pathway,7189
hsa04064,NF-kappa B signaling pathway,7329
hsa04064,NF-kappa B signaling pathway,7412
hsa04064,NF-kappa B signaling pathway,7535
hsa04064,NF-kappa B signaling pathway,7706
hsa04064,NF-kappa B signaling pathway,79092
hsa04064,NF-kappa B signaling pathway,84433
hsa04064,NF-kappa B signaling pathway,8517
hsa04064,NF-kappa B signaling pathway,8600
hsa04064,NF-kappa B signaling pathway,8717
hsa04064,NF-kappa B signaling pathway,8737
hsa04064,NF-kappa B signaling pathway,8740
hsa04064,NF-kappa B signaling pathway,8792
hsa04064,NF-kappa B signaling pathway,8837
hsa04064,NF-kappa B signaling pathway,8915
hsa04064,NF-kappa B signaling pathway,9020
hsa04064,NF-kappa B signaling pathway,929
hsa04064,NF-kappa B signaling pathway,9560
hsa04064,NF-kappa B signaling pathway,958
hsa04064,NF-kappa B signaling pathway,959
hsa04068,FoxO signaling pathway,10000
hsa04068,FoxO signaling pathway,100132074
hsa04068,FoxO signaling pathway,10018
hsa04068,FoxO signaling pathway,100533105
hsa04068,FoxO signaling pathway,10110
hsa04068,FoxO signaling pathway,1017
hsa04068,FoxO signaling pathway,1026
hsa04068,FoxO signaling pathway,1027
hsa04068,FoxO signaling pathway,102800317
hsa04068,FoxO signaling pathway,1030
hsa04068,FoxO signaling pathway,1032
hsa04068,FoxO signaling pathway,10365
hsa04068,FoxO signaling pathway,10733
hsa04068,FoxO signaling pathway,10769
hsa04068,FoxO signaling pathway,10912
hsa04068,FoxO signaling pathway,110117499
hsa04068,FoxO signaling pathway,11067
hsa04068,FoxO signaling pathway,11337
hsa04068,FoxO signaling pathway,11345
hsa04068,FoxO signaling pathway,1147
hsa04068,FoxO signaling pathway,114907
hsa04068,FoxO signaling pathway,116986
hsa04068,FoxO signaling pathway,1263
hsa04068,FoxO signaling pathway,1387
hsa04068,FoxO signaling pathway,1432
hsa04068,FoxO signaling pathway,1454
hsa04068,FoxO signaling pathway,1647
hsa04068,FoxO signaling pathway,1901
hsa04068,FoxO signaling pathway,1950
hsa04068,FoxO signaling pathway,1956
hsa04068,FoxO signaling pathway,2033
hsa04068,FoxO signaling pathway,207
hsa04068,FoxO signaling pathway,208
hsa04068,FoxO signaling pathway,2290
hsa04068,FoxO signaling pathway,2308
hsa04068,FoxO signaling pathway,2309
hsa04068,FoxO signaling pathway,23411
hsa04068,FoxO signaling pathway,23678
hsa04068,FoxO signaling pathway,23710
hsa04068,FoxO signaling pathway,2538
hsa04068,FoxO signaling pathway,26260
hsa04068,FoxO signaling pathway,2885
hsa04068,FoxO signaling pathway,2911
hsa04068,FoxO signaling pathway,3265
hsa04068,FoxO signaling pathway,3276
hsa04068,FoxO signaling pathway,3479
hsa04068,FoxO signaling pathway,3480
hsa04068,FoxO signaling pathway,3551
hsa04068,FoxO signaling pathway,356
hsa04068,FoxO signaling pathway,3569
hsa04068,FoxO signaling pathway,3575
hsa04068,FoxO signaling pathway,3586
hsa04068,FoxO signaling pathway,3630
hsa04068,FoxO signaling pathway,3643
hsa04068,FoxO signaling pathway,3667
hsa04068,FoxO signaling pathway,369
hsa04068,FoxO signaling pathway,3845
hsa04068,FoxO signaling pathway,4088
hsa04068,FoxO signaling pathway,4089
hsa04068,FoxO signaling pathway,4193
hsa04068,FoxO signaling pathway,4303
hsa04068,FoxO signaling pathway,4616
hsa04068,FoxO signaling pathway,472
hsa04068,FoxO signaling pathway,4893
hsa04068,FoxO signaling pathway,5105
hsa04068,FoxO signaling pathway,5106
hsa04068,FoxO signaling pathway,51422
hsa04068,FoxO signaling pathway,5170
hsa04068,FoxO signaling pathway,51701
hsa04068,FoxO signaling pathway,5290
hsa04068,FoxO signaling pathway,5291
hsa04068,FoxO signaling pathway,5293
hsa04068,FoxO signaling pathway,5295
hsa04068,FoxO signaling pathway,5296
hsa04068,FoxO signaling pathway,5347
hsa04068,FoxO signaling pathway,53632
hsa04068,FoxO signaling pathway,5562
hsa04068,FoxO signaling pathway,5563
hsa04068,FoxO signaling pathway,5564
hsa04068,FoxO signaling pathway,5565
hsa04068,FoxO signaling pathway,5571
hsa04068,FoxO signaling pathway,5594
hsa04068,FoxO signaling pathway,5595
hsa04068,FoxO signaling pathway,5599
hsa04068,FoxO signaling pathway,5600
hsa04068,FoxO signaling pathway,5601
hsa04068,FoxO signaling pathway,5602
hsa04068,FoxO signaling pathway,5603
hsa04068,FoxO signaling pathway,5604
hsa04068,FoxO signaling pathway,5605
hsa04068,FoxO signaling pathway,5728
hsa04068,FoxO signaling pathway,57818
hsa04068,FoxO signaling pathway,5894
hsa04068,FoxO signaling pathway,5896
hsa04068,FoxO signaling pathway,5897
hsa04068,FoxO signaling pathway,5934
hsa04068,FoxO signaling pathway,595
hsa04068,FoxO signaling pathway,604
hsa04068,FoxO signaling pathway,6300
hsa04068,FoxO signaling pathway,6446
hsa04068,FoxO signaling pathway,6502
hsa04068,FoxO signaling pathway,6517
hsa04068,FoxO signaling pathway,664
hsa04068,FoxO signaling pathway,6648
hsa04068,FoxO signaling pathway,6654
hsa04068,FoxO signaling pathway,6655
hsa04068,FoxO signaling pathway,673
hsa04068,FoxO signaling pathway,6774
hsa04068,FoxO signaling pathway,6789
hsa04068,FoxO signaling pathway,6794
hsa04068,FoxO signaling pathway,7040
hsa04068,FoxO signaling pathway,7042
hsa04068,FoxO signaling pathway,7043
hsa04068,FoxO signaling pathway,7046
hsa04068,FoxO signaling pathway,7048
hsa04068,FoxO signaling pathway,7874
hsa04068,FoxO signaling pathway,80854
hsa04068,FoxO signaling pathway,847
hsa04068,FoxO signaling pathway,8471
hsa04068,FoxO signaling pathway,8503
hsa04068,FoxO signaling pathway,85417
hsa04068,FoxO signaling pathway,8660
hsa04068,FoxO signaling pathway,8698
hsa04068,FoxO signaling pathway,8743
hsa04068,FoxO signaling pathway,891
hsa04068,FoxO signaling pathway,894
hsa04068,FoxO signaling pathway,901
hsa04068,FoxO signaling pathway,9133
hsa04068,FoxO signaling pathway,9140
hsa04068,FoxO signaling pathway,92579
hsa04068,FoxO signaling pathway,9454
hsa04068,FoxO signaling pathway,9455
hsa04068,FoxO signaling pathway,9456
hsa04010,MAPK signaling pathway,10000
hsa04010,MAPK signaling pathway,100137049
hsa04010,MAPK signaling pathway,10125
hsa04010,MAPK signaling pathway,10235
hsa04010,MAPK signaling pathway,10368
hsa04010,MAPK signaling pathway,10369
hsa04010,MAPK signaling pathway,10454
hsa04010,MAPK signaling pathway,10746
hsa04010,MAPK signaling pathway,10912
hsa04010,MAPK signaling pathway,11184
hsa04010,MAPK signaling pathway,11221
hsa04010,MAPK signaling pathway,1147
hsa04010,MAPK signaling pathway,115727
hsa04010,MAPK signaling pathway,123745
hsa04010,MAPK signaling pathway,125467750
hsa04010,MAPK signaling pathway,1326
hsa04010,MAPK signaling pathway,1386
hsa04010,MAPK signaling pathway,1398
hsa04010,MAPK signaling pathway,1399
hsa04010,MAPK signaling pathway,1432
hsa04010,MAPK signaling pathway,1435
hsa04010,MAPK signaling pathway,1436
hsa04010,MAPK signaling pathway,1616
hsa04010,MAPK signaling pathway,1647
hsa04010,MAPK signaling pathway,1649
hsa04010,MAPK signaling pathway,1843
hsa04010,MAPK signaling pathway,1844
hsa04010,MAPK signaling pathway,1845
hsa04010,MAPK signaling pathway,1846
hsa04010,MAPK signaling pathway,1847
hsa04010,MAPK signaling pathway,1848
hsa04010,MAPK signaling pathway,1849
hsa04010,MAPK signaling pathway,1850
hsa04010,MAPK signaling pathway,1852
hsa04010,MAPK signaling pathway,1942
hsa04010,MAPK signaling pathway,1943
hsa04010,MAPK signaling pathway,1944
hsa04010,MAPK signaling pathway,1945
hsa04010,MAPK signaling pathway,1946
hsa04010,MAPK signaling pathway,1950
hsa04010,MAPK signaling pathway,1956
hsa04010,MAPK signaling pathway,1969
hsa04010,MAPK signaling pathway,2002
hsa04010,MAPK signaling pathway,2005
hsa04010,MAPK signaling pathway,2064
hsa04010,MAPK signaling pathway,2065
hsa04010,MAPK signaling pathway,2066
hsa04010,MAPK signaling pathway,2069
hsa04010,MAPK signaling pathway,207
hsa04010,MAPK signaling pathway,208
hsa04010,MAPK signaling pathway,2122
hsa04010,MAPK signaling pathway,2246
hsa04010,MAPK signaling pathway,2247
hsa04010,MAPK signaling pathway,2248
hsa04010,MAPK signaling pathway,2249
hsa04010,MAPK signaling pathway,2250
hsa04010,MAPK signaling pathway,2251
hsa04010,MAPK signaling pathway,2252
hsa04010,MAPK signaling pathway,2253
hsa04010,MAPK signaling pathway,2254
hsa04010,MAPK signaling pathway,2255
hsa04010,MAPK signaling pathway,2260
hsa04010,MAPK signaling pathway,2261
hsa04010,MAPK signaling pathway,2263
hsa04010,MAPK signaling pathway,2264
hsa04010,MAPK signaling pathway,2277
hsa04010,MAPK signaling pathway,22800
hsa04010,MAPK signaling pathway,22808
hsa04010,MAPK signaling pathway,23118
hsa04010,MAPK signaling pathway,2316
hsa04010,MAPK signaling pathway,23162
hsa04010,MAPK signaling pathway,2321
hsa04010,MAPK signaling pathway,2322
hsa04010,MAPK signaling pathway,2323
hsa04010,MAPK signaling pathway,2324
hsa04010,MAPK signaling pathway,2353
hsa04010,MAPK signaling pathway,23542
hsa04010,MAPK signaling pathway,255189
hsa04010,MAPK signaling pathway,25780
hsa04010,MAPK signaling pathway,26281
hsa04010,MAPK signaling pathway,26291
hsa04010,MAPK signaling pathway,2668
hsa04010,MAPK signaling pathway,27006
hsa04010,MAPK signaling pathway,27091
hsa04010,MAPK signaling pathway,27092
hsa04010,MAPK signaling pathway,27330
hsa04010,MAPK signaling pathway,2768
hsa04010,MAPK signaling pathway,283748
hsa04010,MAPK signaling pathway,284
hsa04010,MAPK signaling pathway,285
hsa04010,MAPK signaling pathway,2872
hsa04010,MAPK signaling pathway,2885
hsa04010,MAPK signaling pathway,3082
hsa04010,MAPK signaling pathway,3164
hsa04010,MAPK signaling pathway,3265
hsa04010,MAPK signaling pathway,3303
hsa04010,MAPK signaling pathway,3304
hsa04010,MAPK signaling pathway,3305
hsa04010,MAPK signaling pathway,3310
hsa04010,MAPK signaling pathway,3312
hsa04010,MAPK signaling pathway,3315
hsa04010,MAPK signaling pathway,3479
hsa04010,MAPK signaling pathway,3480
hsa04010,MAPK signaling pathway,3481
hsa04010,MAPK signaling pathway,355
hsa04010,MAPK signaling pathway,3551
hsa04010,MAPK signaling pathway,3552
hsa04010,MAPK signaling pathway,3553
hsa04010,MAPK signaling pathway,3554
hsa04010,MAPK signaling pathway,3556
hsa04010,MAPK signaling pathway,356
hsa04010,MAPK signaling pathway,3630
hsa04010,MAPK signaling pathway,3643
hsa04010,MAPK signaling pathway,3654
hsa04010,MAPK signaling pathway,369
hsa04010,MAPK signaling pathway,3725
hsa04010,MAPK signaling pathway,3727
hsa04010,MAPK signaling pathway,374
hsa04010,MAPK signaling pathway,3791
hsa04010,MAPK signaling pathway,3815
hsa04010,MAPK signaling pathway,3845
hsa04010,MAPK signaling pathway,3925
hsa04010,MAPK signaling pathway,408
hsa04010,MAPK signaling pathway,409
hsa04010,MAPK signaling pathway,4137
hsa04010,MAPK signaling pathway,4149
hsa04010,MAPK signaling pathway,4208
hsa04010,MAPK signaling pathway,4214
hsa04010,MAPK signaling pathway,4215
hsa04010,MAPK signaling pathway,4216
hsa04010,MAPK signaling pathway,4217
hsa04010,MAPK signaling pathway,4233
hsa04010,MAPK signaling pathway,4254
hsa04010,MAPK signaling pathway,4293
hsa04010,MAPK signaling pathway,4294
hsa04010,MAPK signaling pathway,4296
hsa04010,MAPK signaling pathway,4609
hsa04010,MAPK signaling pathway,4615
hsa04010,MAPK signaling pathway,4616
hsa04010,MAPK signaling pathway,468
hsa04010,MAPK signaling pathway,4763
hsa04010,MAPK signaling pathway,4772
hsa04010,MAPK signaling pathway,4775
hsa04010,MAPK signaling pathway,4790
hsa04010,MAPK signaling pathway,4791
hsa04010,MAPK signaling pathway,4803
hsa04010,MAPK signaling pathway,4804
hsa04010,MAPK signaling pathway,4893
hsa04010,MAPK signaling pathway,4902
hsa04010,MAPK signaling pathway,4908
hsa04010,MAPK signaling pathway,4909
hsa04010,MAPK signaling pathway,4914
hsa04010,MAPK signaling pathway,4915
hsa04010,MAPK signaling pathway,5058
hsa04010,MAPK signaling pathway,5062
hsa04010,MAPK signaling pathway,51135
hsa04010,MAPK signaling pathway,51295
hsa04010,MAPK signaling pathway,51347
hsa04010,MAPK signaling pathway,51378
hsa04010,MAPK signaling pathway,5154
hsa04010,MAPK signaling pathway,5155
hsa04010,MAPK signaling pathway,5156
hsa04010,MAPK signaling pathway,5159
hsa04010,MAPK signaling pathway,51701
hsa04010,MAPK signaling pathway,51776
hsa04010,MAPK signaling pathway,5228
hsa04010,MAPK signaling pathway,5321
hsa04010,MAPK signaling pathway,5494
hsa04010,MAPK signaling pathway,5495
hsa04010,MAPK signaling pathway,5530
hsa04010,MAPK signaling pathway,5532
hsa04010,MAPK signaling pathway,5533
hsa04010,MAPK signaling pathway,5534
hsa04010,MAPK signaling pathway,5535
hsa04010,MAPK signaling pathway,5536
hsa04010,MAPK signaling pathway,5566
hsa04010,MAPK signaling pathway,5567
hsa04010,MAPK signaling pathway,5568
hsa04010,MAPK signaling pathway,5578
hsa04010,MAPK signaling pathway,5579
hsa04010,MAPK signaling pathway,55799
hsa04010,MAPK signaling pathway,5582
hsa04010,MAPK signaling pathway,5594
hsa04010,MAPK signaling pathway,5595
hsa04010,MAPK signaling pathway,55970
hsa04010,MAPK signaling pathway,5598
hsa04010,MAPK signaling pathway,5599
hsa04010,MAPK signaling pathway,5600
hsa04010,MAPK signaling pathway,5601
hsa04010,MAPK signaling pathway,5602
hsa04010,MAPK signaling pathway,5603
hsa04010,MAPK signaling pathway,56034
hsa04010,MAPK signaling pathway,5604
hsa04010,MAPK signaling pathway,5605
hsa04010,MAPK signaling pathway,5606
hsa04010,MAPK signaling pathway,5607
hsa04010,MAPK signaling pathway,5608
hsa04010,MAPK signaling pathway,5609
hsa04010,MAPK signaling pathway,5623
hsa04010,MAPK signaling pathway,57551
hsa04010,MAPK signaling pathway,5778
hsa04010,MAPK signaling pathway,5801
hsa04010,MAPK signaling pathway,5871
hsa04010,MAPK signaling pathway,5879
hsa04010,MAPK signaling pathway,5880
hsa04010,MAPK signaling pathway,5881
hsa04010,MAPK signaling pathway,5894
hsa04010,MAPK signaling pathway,5906
hsa04010,MAPK signaling pathway,5908
hsa04010,MAPK signaling pathway,5921
hsa04010,MAPK signaling pathway,5922
hsa04010,MAPK signaling pathway,5923
hsa04010,MAPK signaling pathway,5924
hsa04010,MAPK signaling pathway,59283
hsa04010,MAPK signaling pathway,59284
hsa04010,MAPK signaling pathway,59285
hsa04010,MAPK signaling pathway,5970
hsa04010,MAPK signaling pathway,5971
hsa04010,MAPK signaling pathway,5979
hsa04010,MAPK signaling pathway,6195
hsa04010,MAPK signaling pathway,6196
hsa04010,MAPK signaling pathway,6197
hsa04010,MAPK signaling pathway,6237
hsa04010,MAPK signaling pathway,627
hsa04010,MAPK signaling pathway,6300
hsa04010,MAPK signaling pathway,6416
hsa04010,MAPK signaling pathway,6654
hsa04010,MAPK signaling pathway,6655
hsa04010,MAPK signaling pathway,6722
hsa04010,MAPK signaling pathway,673
hsa04010,MAPK signaling pathway,6788
hsa04010,MAPK signaling pathway,6789
hsa04010,MAPK signaling pathway,6885
hsa04010,MAPK signaling pathway,7010
hsa04010,MAPK signaling pathway,7039
hsa04010,MAPK signaling pathway,7040
hsa04010,MAPK signaling pathway,7042
hsa04010,MAPK signaling pathway,7043
hsa04010,MAPK signaling pathway,7046
hsa04010,MAPK signaling pathway,7048
hsa04010,MAPK signaling pathway,7124
hsa04010,MAPK signaling pathway,7132
hsa04010,MAPK signaling pathway,7157
hsa04010,MAPK signaling pathway,7186
hsa04010,MAPK signaling pathway,7189
hsa04010,MAPK signaling pathway,7422
hsa04010,MAPK signaling pathway,7423
hsa04010,MAPK signaling pathway,7424
hsa04010,MAPK signaling pathway,773
hsa04010,MAPK signaling pathway,774
hsa04010,MAPK signaling pathway,775
hsa04010,MAPK signaling pathway,776
hsa04010,MAPK signaling pathway,777
hsa04010,MAPK signaling pathway,778
hsa04010,MAPK signaling pathway,7786
hsa04010,MAPK signaling pathway,779
hsa04010,MAPK signaling pathway,781
hsa04010,MAPK signaling pathway,782
hsa04010,MAPK signaling pathway,783
hsa04010,MAPK signaling pathway,784
hsa04010,MAPK signaling pathway,785
hsa04010,MAPK signaling pathway,786
hsa04010,MAPK signaling pathway,7867
hsa04010,MAPK signaling pathway,80310
hsa04010,MAPK signaling pathway,8074
hsa04010,MAPK signaling pathway,80824
hsa04010,MAPK signaling pathway,836
hsa04010,MAPK signaling pathway,84451
hsa04010,MAPK signaling pathway,84867
hsa04010,MAPK signaling pathway,8491
hsa04010,MAPK signaling pathway,8517
hsa04010,MAPK signaling pathway,8550
hsa04010,MAPK signaling pathway,8569
hsa04010,MAPK signaling pathway,8605
hsa04010,MAPK signaling pathway,8649
hsa04010,MAPK signaling pathway,8681
hsa04010,MAPK signaling pathway,8717
hsa04010,MAPK signaling pathway,8817
hsa04010,MAPK signaling pathway,8822
hsa04010,MAPK signaling pathway,8823
hsa04010,MAPK signaling pathway,8911
hsa04010,MAPK signaling pathway,8912
hsa04010,MAPK signaling pathway,8913
hsa04010,MAPK signaling pathway,8986
hsa04010,MAPK signaling pathway,9020
hsa04010,MAPK signaling pathway,9048
hsa04010,MAPK signaling pathway,9064
hsa04010,MAPK signaling pathway,9175
hsa04010,MAPK signaling pathway,9252
hsa04010,MAPK signaling pathway,9254
hsa04010,MAPK signaling pathway,9261
hsa04010,MAPK signaling pathway,929
hsa04010,MAPK signaling pathway,9344
hsa04010,MAPK signaling pathway,93589
hsa04010,MAPK signaling pathway,9448
hsa04010,MAPK signaling pathway,9479
hsa04010,MAPK signaling pathway,9693
hsa04010,MAPK signaling pathway,994
hsa04010,MAPK signaling pathway,9965
hsa04010,MAPK signaling pathway,998
hsa04115,p53 signaling pathway,1017
hsa04115,p53 signaling pathway,1019
hsa04115,p53 signaling pathway,1021
hsa04115,p53 signaling pathway,1026
hsa04115,p53 signaling pathway,1029
hsa04115,p53 signaling pathway,10572
hsa04115,p53 signaling pathway,10848
hsa04115,p53 signaling pathway,10912
hsa04115,p53 signaling pathway,1111
hsa04115,p53 signaling pathway,11200
hsa04115,p53 signaling pathway,143686
hsa04115,p53 signaling pathway,1643
hsa04115,p53 signaling pathway,1647
hsa04115,p53 signaling pathway,25898
hsa04115,p53 signaling pathway,25946
hsa04115,p53 signaling pathway,27113
hsa04115,p53 signaling pathway,27244
hsa04115,p53 signaling pathway,2810
hsa04115,p53 signaling pathway,317
hsa04115,p53 signaling pathway,3479
hsa04115,p53 signaling pathway,3486
hsa04115,p53 signaling pathway,355
hsa04115,p53 signaling pathway,3732
hsa04115,p53 signaling pathway,4193
hsa04115,p53 signaling pathway,4194
hsa04115,p53 signaling pathway,4616
hsa04115,p53 signaling pathway,472
hsa04115,p53 signaling pathway,50484
hsa04115,p53 signaling pathway,5054
hsa04115,p53 signaling pathway,51246
hsa04115,p53 signaling pathway,51512
hsa04115,p53 signaling pathway,5268
hsa04115,p53 signaling pathway,5366
hsa04115,p53 signaling pathway,54205
hsa04115,p53 signaling pathway,545
hsa04115,p53 signaling pathway,55240
hsa04115,p53 signaling pathway,55367
hsa04115,p53 signaling pathway,56475
hsa04115,p53 signaling pathway,5728
hsa04115,p53 signaling pathway,575
hsa04115,p53 signaling pathway,581
hsa04115,p53 signaling pathway,595
hsa04115,p53 signaling pathway,596
hsa04115,p53 signaling pathway,598
hsa04115,p53 signaling pathway,6241
hsa04115,p53 signaling pathway,637
hsa04115,p53 signaling pathway,63970
hsa04115,p53 signaling pathway,64065
hsa04115,p53 signaling pathway,64326
hsa04115,p53 signaling pathway,64393
hsa04115,p53 signaling pathway,6477
hsa04115,p53 signaling pathway,7057
hsa04115,p53 signaling pathway,7157
hsa04115,p53 signaling pathway,7161
hsa04115,p53 signaling pathway,7249
hsa04115,p53 signaling pathway,836
hsa04115,p53 signaling pathway,83667
hsa04115,p53 signaling pathway,841
hsa04115,p53 signaling pathway,842
hsa04115,p53 signaling pathway,84883
hsa04115,p53 signaling pathway,8493
hsa04115,p53 signaling pathway,8795
hsa04115,p53 signaling pathway,8797
hsa04115,p53 signaling pathway,891
hsa04115,p53 signaling pathway,894
hsa04115,p53 signaling pathway,896
hsa04115,p53 signaling pathway,898
hsa04115,p53 signaling pathway,900
hsa04115,p53 signaling pathway,901
hsa04115,p53 signaling pathway,9133
hsa04115,p53 signaling pathway,9134
hsa04115,p53 signaling pathway,92344
hsa04115,p53 signaling pathway,9538
hsa04115,p53 signaling pathway,9540
hsa04115,p53 signaling pathway,983
hsa04066,HIF-1 signaling pathway,10000
hsa04066,HIF-1 signaling pathway,1026
hsa04066,HIF-1 signaling pathway,1027
hsa04066,HIF-1 signaling pathway,110117499
hsa04066,HIF-1 signaling pathway,112398
hsa04066,HIF-1 signaling pathway,112399
hsa04066,HIF-1 signaling pathway,1387
hsa04066,HIF-1 signaling pathway,1536
hsa04066,HIF-1 signaling pathway,160287
hsa04066,HIF-1 signaling pathway,1906
hsa04066,HIF-1 signaling pathway,1950
hsa04066,HIF-1 signaling pathway,1956
hsa04066,HIF-1 signaling pathway,1977
hsa04066,HIF-1 signaling pathway,1978
hsa04066,HIF-1 signaling pathway,2023
hsa04066,HIF-1 signaling pathway,2026
hsa04066,HIF-1 signaling pathway,2027
hsa04066,HIF-1 signaling pathway,2033
hsa04066,HIF-1 signaling pathway,2034
hsa04066,HIF-1 signaling pathway,2056
hsa04066,HIF-1 signaling pathway,2064
hsa04066,HIF-1 signaling pathway,207
hsa04066,HIF-1 signaling pathway,208
hsa04066,HIF-1 signaling pathway,226
hsa04066,HIF-1 signaling pathway,229
hsa04066,HIF-1 signaling pathway,230
hsa04066,HIF-1 signaling pathway,2321
hsa04066,HIF-1 signaling pathway,2475
hsa04066,HIF-1 signaling pathway,253314
hsa04066,HIF-1 signaling pathway,2597
hsa04066,HIF-1 signaling pathway,284
hsa04066,HIF-1 signaling pathway,285
hsa04066,HIF-1 signaling pathway,2872
hsa04066,HIF-1 signaling pathway,3091
hsa04066,HIF-1 signaling pathway,3098
hsa04066,HIF-1 signaling pathway,3099
hsa04066,HIF-1 signaling pathway,3101
hsa04066,HIF-1 signaling pathway,3162
hsa04066,HIF-1 signaling pathway,3458
hsa04066,HIF-1 signaling pathway,3459
hsa04066,HIF-1 signaling pathway,3460
hsa04066,HIF-1 signaling pathway,3479
hsa04066,HIF-1 signaling pathway,3480
hsa04066,HIF-1 signaling pathway,3569
hsa04066,HIF-1 signaling pathway,3570
hsa04066,HIF-1 signaling pathway,3630
hsa04066,HIF-1 signaling pathway,3643
hsa04066,HIF-1 signaling pathway,3939
hsa04066,HIF-1 signaling pathway,3945
hsa04066,HIF-1 signaling pathway,3948
hsa04066,HIF-1 signaling pathway,405
hsa04066,HIF-1 signaling pathway,4055
hsa04066,HIF-1 signaling pathway,4790
hsa04066,HIF-1 signaling pathway,4843
hsa04066,HIF-1 signaling pathway,4846
hsa04066,HIF-1 signaling pathway,4878
hsa04066,HIF-1 signaling pathway,5054
hsa04066,HIF-1 signaling pathway,51378
hsa04066,HIF-1 signaling pathway,5160
hsa04066,HIF-1 signaling pathway,5161
hsa04066,HIF-1 signaling pathway,5162
hsa04066,HIF-1 signaling pathway,5163
hsa04066,HIF-1 signaling pathway,5209
hsa04066,HIF-1 signaling pathway,5211
hsa04066,HIF-1 signaling pathway,5213
hsa04066,HIF-1 signaling pathway,5214
hsa04066,HIF-1 signaling pathway,5230
hsa04066,HIF-1 signaling pathway,5232
hsa04066,HIF-1 signaling pathway,5290
hsa04066,HIF-1 signaling pathway,5291
hsa04066,HIF-1 signaling pathway,5293
hsa04066,HIF-1 signaling pathway,5295
hsa04066,HIF-1 signaling pathway,5296
hsa04066,HIF-1 signaling pathway,5335
hsa04066,HIF-1 signaling pathway,5336
hsa04066,HIF-1 signaling pathway,54583
hsa04066,HIF-1 signaling pathway,5578
hsa04066,HIF-1 signaling pathway,5579
hsa04066,HIF-1 signaling pathway,5582
hsa04066,HIF-1 signaling pathway,5594
hsa04066,HIF-1 signaling pathway,5595
hsa04066,HIF-1 signaling pathway,5604
hsa04066,HIF-1 signaling pathway,5605
hsa04066,HIF-1 signaling pathway,596
hsa04066,HIF-1 signaling pathway,5970
hsa04066,HIF-1 signaling pathway,6194
hsa04066,HIF-1 signaling pathway,6198
hsa04066,HIF-1 signaling pathway,6199
hsa04066,HIF-1 signaling pathway,6513
hsa04066,HIF-1 signaling pathway,6774
hsa04066,HIF-1 signaling pathway,6921
hsa04066,HIF-1 signaling pathway,6923
hsa04066,HIF-1 signaling pathway,7010
hsa04066,HIF-1 signaling pathway,7018
hsa04066,HIF-1 signaling pathway,7037
hsa04066,HIF-1 signaling pathway,7076
hsa04066,HIF-1 signaling pathway,7099
hsa04066,HIF-1 signaling pathway,7422
hsa04066,HIF-1 signaling pathway,7428
hsa04066,HIF-1 signaling pathway,80201
hsa04066,HIF-1 signaling pathway,815
hsa04066,HIF-1 signaling pathway,816
hsa04066,HIF-1 signaling pathway,817
hsa04066,HIF-1 signaling pathway,818
hsa04066,HIF-1 signaling pathway,8453
hsa04066,HIF-1 signaling pathway,8503
hsa04066,HIF-1 signaling pathway,8569
hsa04066,HIF-1 signaling pathway,92483
hsa04066,HIF-1 signaling pathway,9470
hsa04066,HIF-1 signaling pathway,9978
hsa04932,Non-alcoholic fatty liver disease,10000
hsa04932,Non-alcoholic fatty liver disease,10018
hsa04932,Non-alcoholic fatty liver disease,100532726
hsa04932,Non-alcoholic fatty liver disease,10062
hsa04932,Non-alcoholic fatty liver disease,1050
hsa04932,Non-alcoholic fatty liver disease,107984365
hsa04932,Non-alcoholic fatty liver disease,10975
hsa04932,Non-alcoholic fatty liver disease,110117499
hsa04932,Non-alcoholic fatty liver disease,125965
hsa04932,Non-alcoholic fatty liver disease,126328
hsa04932,Non-alcoholic fatty liver disease,1327
hsa04932,Non-alcoholic fatty liver disease,1329
hsa04932,Non-alcoholic fatty liver disease,1337
hsa04932,Non-alcoholic fatty liver disease,1339
hsa04932,Non-alcoholic fatty liver disease,1340
hsa04932,Non-alcoholic fatty liver disease,1345
hsa04932,Non-alcoholic fatty liver disease,1346
hsa04932,Non-alcoholic fatty liver disease,1347
hsa04932,Non-alcoholic fatty liver disease,1349
hsa04932,Non-alcoholic fatty liver disease,1350
hsa04932,Non-alcoholic fatty liver disease,1351
hsa04932,Non-alcoholic fatty liver disease,1432
hsa04932,Non-alcoholic fatty liver disease,1537
hsa04932,Non-alcoholic fatty liver disease,1571
hsa04932,Non-alcoholic fatty liver disease,1649
hsa04932,Non-alcoholic fatty liver disease,170712
hsa04932,Non-alcoholic fatty liver disease,1965
hsa04932,Non-alcoholic fatty liver disease,207
hsa04932,Non-alcoholic fatty liver disease,208
hsa04932,Non-alcoholic fatty liver disease,2081
hsa04932,Non-alcoholic fatty liver disease,22877
hsa04932,Non-alcoholic fatty liver disease,2353
hsa04932,Non-alcoholic fatty liver disease,27089
hsa04932,Non-alcoholic fatty liver disease,2931
hsa04932,Non-alcoholic fatty liver disease,2932
hsa04932,Non-alcoholic fatty liver disease,29796
hsa04932,Non-alcoholic fatty liver disease,341947
hsa04932,Non-alcoholic fatty liver disease,355
hsa04932,Non-alcoholic fatty liver disease,3551
hsa04932,Non-alcoholic fatty liver disease,3552
hsa04932,Non-alcoholic fatty liver disease,3553
hsa04932,Non-alcoholic fatty liver disease,356
hsa04932,Non-alcoholic fatty liver disease,3569
hsa04932,Non-alcoholic fatty liver disease,3570
hsa04932,Non-alcoholic fatty liver disease,3576
hsa04932,Non-alcoholic fatty liver disease,3630
hsa04932,Non-alcoholic fatty liver disease,3643
hsa04932,Non-alcoholic fatty liver disease,3667
hsa04932,Non-alcoholic fatty liver disease,3725
hsa04932,Non-alcoholic fatty liver disease,374291
hsa04932,Non-alcoholic fatty liver disease,3952
hsa04932,Non-alcoholic fatty liver disease,3953
hsa04932,Non-alcoholic fatty liver disease,4217
hsa04932,Non-alcoholic fatty liver disease,4296
hsa04932,Non-alcoholic fatty liver disease,440567
hsa04932,Non-alcoholic fatty liver disease,4512
hsa04932,Non-alcoholic fatty liver disease,4513
hsa04932,Non-alcoholic fatty liver disease,4514
hsa04932,Non-alcoholic fatty liver disease,4519
hsa04932,Non-alcoholic fatty liver disease,468
hsa04932,Non-alcoholic fatty liver disease,4694
hsa04932,Non-alcoholic fatty liver disease,4695
hsa04932,Non-alcoholic fatty liver disease,4696
hsa04932,Non-alcoholic fatty liver disease,4697
hsa04932,Non-alcoholic fatty liver disease,4698
hsa04932,Non-alcoholic fatty liver disease,4700
hsa04932,Non-alcoholic fatty liver disease,4701
hsa04932,Non-alcoholic fatty liver disease,4702
hsa04932,Non-alcoholic fatty liver disease,4704
hsa04932,Non-alcoholic fatty liver disease,4705
hsa04932,Non-alcoholic fatty liver disease,4706
hsa04932,Non-alcoholic fatty liver disease,4707
hsa04932,Non-alcoholic fatty liver disease,4708
hsa04932,Non-alcoholic fatty liver disease,4709
hsa04932,Non-alcoholic fatty liver disease,4710
hsa04932,Non-alcoholic fatty liver disease,4711
hsa04932,Non-alcoholic fatty liver disease,4712
hsa04932,Non-alcoholic fatty liver disease,4713
hsa04932,Non-alcoholic fatty liver disease,4714
hsa04932,Non-alcoholic fatty liver disease,4715
hsa04932,Non-alcoholic fatty liver disease,4716
hsa04932,Non-alcoholic fatty liver disease,4717
hsa04932,Non-alcoholic fatty liver disease,4718
hsa04932,Non-alcoholic fatty liver disease,4719
hsa04932,Non-alcoholic fatty liver disease,4720
hsa04932,Non-alcoholic fatty liver disease,4722
hsa04932,Non-alcoholic fatty liver disease,4723
hsa04932,Non-alcoholic fatty liver disease,4724
hsa04932,Non-alcoholic fatty liver disease,4725
hsa04932,Non-alcoholic fatty liver disease,4726
hsa04932,Non-alcoholic fatty liver disease,4728
hsa04932,Non-alcoholic fatty liver disease,4729
hsa04932,Non-alcoholic fatty liver disease,4731
hsa04932,Non-alcoholic fatty liver disease,4790
hsa04932,Non-alcoholic fatty liver disease,51079
hsa04932,Non-alcoholic fatty liver disease,51085
hsa04932,Non-alcoholic fatty liver disease,51094
hsa04932,Non-alcoholic fatty liver disease,51422
hsa04932,Non-alcoholic fatty liver disease,5290
hsa04932,Non-alcoholic fatty liver disease,5291
hsa04932,Non-alcoholic fatty liver disease,5293
hsa04932,Non-alcoholic fatty liver disease,5295
hsa04932,Non-alcoholic fatty liver disease,5296
hsa04932,Non-alcoholic fatty liver disease,5313
hsa04932,Non-alcoholic fatty liver disease,53632
hsa04932,Non-alcoholic fatty liver disease,54205
hsa04932,Non-alcoholic fatty liver disease,54539
hsa04932,Non-alcoholic fatty liver disease,5465
hsa04932,Non-alcoholic fatty liver disease,5468
hsa04932,Non-alcoholic fatty liver disease,5562
hsa04932,Non-alcoholic fatty liver disease,5563
hsa04932,Non-alcoholic fatty liver disease,5564
hsa04932,Non-alcoholic fatty liver disease,5565
hsa04932,Non-alcoholic fatty liver disease,5571
hsa04932,Non-alcoholic fatty liver disease,55967
hsa04932,Non-alcoholic fatty liver disease,5599
hsa04932,Non-alcoholic fatty liver disease,5600
hsa04932,Non-alcoholic fatty liver disease,5601
hsa04932,Non-alcoholic fatty liver disease,5602
hsa04932,Non-alcoholic fatty liver disease,5603
hsa04932,Non-alcoholic fatty liver disease,56901
hsa04932,Non-alcoholic fatty liver disease,581
hsa04932,Non-alcoholic fatty liver disease,5879
hsa04932,Non-alcoholic fatty liver disease,5970
hsa04932,Non-alcoholic fatty liver disease,6256
hsa04932,Non-alcoholic fatty liver disease,6300
hsa04932,Non-alcoholic fatty liver disease,637
hsa04932,Non-alcoholic fatty liver disease,6389
hsa04932,Non-alcoholic fatty liver disease,6390
hsa04932,Non-alcoholic fatty liver disease,6391
hsa04932,Non-alcoholic fatty liver disease,6392
hsa04932,Non-alcoholic fatty liver disease,6720
hsa04932,Non-alcoholic fatty liver disease,6945
hsa04932,Non-alcoholic fatty liver disease,7040
hsa04932,Non-alcoholic fatty liver disease,7124
hsa04932,Non-alcoholic fatty liver disease,7132
hsa04932,Non-alcoholic fatty liver disease,7186
hsa04932,Non-alcoholic fatty liver disease,7381
hsa04932,Non-alcoholic fatty liver disease,7384
hsa04932,Non-alcoholic fatty liver disease,7385
hsa04932,Non-alcoholic fatty liver disease,7386
hsa04932,Non-alcoholic fatty liver disease,7388
hsa04932,Non-alcoholic fatty liver disease,7494
hsa04932,Non-alcoholic fatty liver disease,79602
hsa04932,Non-alcoholic fatty liver disease,836
hsa04932,Non-alcoholic fatty liver disease,83737
hsa04932,Non-alcoholic fatty liver disease,840
hsa04932,Non-alcoholic fatty liver disease,841
hsa04932,Non-alcoholic fatty liver disease,84701
hsa04932,Non-alcoholic fatty liver disease,8503
hsa04932,Non-alcoholic fatty liver disease,8660
hsa04932,Non-alcoholic fatty liver disease,9021
hsa04932,Non-alcoholic fatty liver disease,9167
hsa04932,Non-alcoholic fatty liver disease,9370
hsa04932,Non-alcoholic fatty liver disease,9377
hsa04932,Non-alcoholic fatty liver disease,9451
hsa04932,Non-alcoholic fatty liver disease,998
nrf2_manual,Nrf2/HO-1 Antioxidant Response,NFE2L2
nrf2_manual,Nrf2/HO-1 Antioxidant Response,KEAP1
nrf2_manual,Nrf2/HO-1 Antioxidant Response,NQO1
nrf2_manual,Nrf2/HO-1 Antioxidant Response,HMOX1
nrf2_manual,Nrf2/HO-1 Antioxidant Response,GCLM
nrf2_manual,Nrf2/HO-1 Antioxidant Response,GCLC
nrf2_manual,Nrf2/HO-1 Antioxidant Response,TXNRD1
nrf2_manual,Nrf2/HO-1 Antioxidant Response,SRXN1
nrf2_manual,Nrf2/HO-1 Antioxidant Response,FTH1
nrf2_manual,Nrf2/HO-1 Antioxidant Response,FTL
